clip_id,path,label,category,subject,original,original_present,dataset,split
79cc43cd56977fb8,data\raw\DFDC_data\deepfake-detection-challenge\train_sample_videos\aagfhgtpmv.mp4,fake,FAKE,vudstovrck,vudstovrck.mp4,False,dfdc,val
404a5b388c7b7131,data\raw\DFDC_data\deepfake-detection-challenge\train_sample_videos\aapnvogymq.mp4,fake,FAKE,jdubbvfswz,jdubbvfswz.mp4,False,dfdc,test
b53113f04d710c18,data\raw\DFDC_data\deepfake-detection-challenge\train_sample_videos\abarnvbtwb.mp4,real,REAL,abarnvbtwb,,True,dfdc,train
28c8b404ff9e6be0,data\raw\DFDC_data\deepfake-detection-challenge\train_sample_videos\abofeumbvv.mp4,fake,FAKE,atvmxvwyns,atvmxvwyns.mp4,True,dfdc,train
a6b577154fd69ceb,data\raw\DFDC_data\deepfake-detection-challenge\train_sample_videos\abqwwspghj.mp4,fake,FAKE,qzimuostzz,qzimuostzz.mp4,False,dfdc,train
241e43a5b41271d5,data\raw\DFDC_data\deepfake-detection-challenge\train_sample_videos\acifjvzvpm.mp4,fake,FAKE,kbvibjhfzo,kbvibjhfzo.mp4,False,dfdc,train
ea5f8552561cc295,data\raw\DFDC_data\deepfake-detection-challenge\train_sample_videos\acqfdwsrhi.mp4,fake,FAKE,ccfoszqabv,ccfoszqabv.mp4,True,dfdc,train
a3db23d0f714a165,data\raw\DFDC_data\deepfake-detection-challenge\train_sample_videos\acxnxvbsxk.mp4,fake,FAKE,fjlyaizcwc,fjlyaizcwc.mp4,False,dfdc,train
397beaeab16bb2ea,data\raw\DFDC_data\deepfake-detection-challenge\train_sample_videos\acxwigylke.mp4,fake,FAKE,ffcwhpnpuw,ffcwhpnpuw.mp4,False,dfdc,train
cf0f1e76eb2ace71,data\raw\DFDC_data\deepfake-detection-challenge\train_sample_videos\aczrgyricp.mp4,fake,FAKE,slwkmefgde,slwkmefgde.mp4,False,dfdc,val
b77fedf792537842,data\raw\DFDC_data\deepfake-detection-challenge\train_sample_videos\adhsbajydo.mp4,fake,FAKE,fysyrqfguw,fysyrqfguw.mp4,False,dfdc,train
788639f1f146f43d,data\raw\DFDC_data\deepfake-detection-challenge\train_sample_videos\adohikbdaz.mp4,fake,FAKE,qjlhemtkxk,qjlhemtkxk.mp4,False,dfdc,train
0eff8a6f4c622ea1,data\raw\DFDC_data\deepfake-detection-challenge\train_sample_videos\adylbeequz.mp4,fake,FAKE,dlpoieqvfb,dlpoieqvfb.mp4,True,dfdc,train
78cb02775ec59515,data\raw\DFDC_data\deepfake-detection-challenge\train_sample_videos\aelfnikyqj.mp4,real,REAL,aelfnikyqj,,True,dfdc,val
08b2ede7116e9d1a,data\raw\DFDC_data\deepfake-detection-challenge\train_sample_videos\aelzhcnwgf.mp4,fake,FAKE,qzimuostzz,qzimuostzz.mp4,False,dfdc,train
4fba7d919e5c8682,data\raw\DFDC_data\deepfake-detection-challenge\train_sample_videos\aettqgevhz.mp4,fake,FAKE,proiippuup,proiippuup.mp4,False,dfdc,val
9dd97ee617092f3f,data\raw\DFDC_data\deepfake-detection-challenge\train_sample_videos\aevrfsexku.mp4,fake,FAKE,gxembgiarp,gxembgiarp.mp4,False,dfdc,test
e9eacedc4fdabf71,data\raw\DFDC_data\deepfake-detection-challenge\train_sample_videos\afoovlsmtx.mp4,real,REAL,afoovlsmtx,,True,dfdc,train
6bda26359bd4eb57,data\raw\DFDC_data\deepfake-detection-challenge\train_sample_videos\agdkmztvby.mp4,fake,FAKE,iufotyxgzb,iufotyxgzb.mp4,False,dfdc,train
c1a71a6c908ebd26,data\raw\DFDC_data\deepfake-detection-challenge\train_sample_videos\agqphdxmwt.mp4,fake,FAKE,aytzyidmgs,aytzyidmgs.mp4,True,dfdc,train
ca0259d927728bd6,data\raw\DFDC_data\deepfake-detection-challenge\train_sample_videos\agrmhtjdlk.mp4,real,REAL,agrmhtjdlk,,True,dfdc,test
d38b4628d6477ee1,data\raw\DFDC_data\deepfake-detection-challenge\train_sample_videos\ahbweevwpv.mp4,fake,FAKE,dkuayagnmc,dkuayagnmc.mp4,True,dfdc,train
c04466622ba1c19f,data\raw\DFDC_data\deepfake-detection-challenge\train_sample_videos\ahdbuwqxit.mp4,fake,FAKE,jomvcqqars,jomvcqqars.mp4,False,dfdc,train
17cce91202b69124,data\raw\DFDC_data\deepfake-detection-challenge\train_sample_videos\ahfazfbntc.mp4,fake,FAKE,sunqwnmlkx,sunqwnmlkx.mp4,False,dfdc,val
50c13b8881526f84,data\raw\DFDC_data\deepfake-detection-challenge\train_sample_videos\ahqqqilsxt.mp4,real,REAL,ahqqqilsxt,,True,dfdc,test
8452914c0bd25c40,data\raw\DFDC_data\deepfake-detection-challenge\train_sample_videos\aipfdnwpoo.mp4,fake,FAKE,ygdgwyqyut,ygdgwyqyut.mp4,False,dfdc,val
2d76c8834363439a,data\raw\DFDC_data\deepfake-detection-challenge\train_sample_videos\ajqslcypsw.mp4,real,REAL,ajqslcypsw,,True,dfdc,val
4ba9526a1d75d508,data\raw\DFDC_data\deepfake-detection-challenge\train_sample_videos\ajwpjhrbcv.mp4,fake,FAKE,bzythlfnhq,bzythlfnhq.mp4,True,dfdc,train
d4968d15f3d33465,data\raw\DFDC_data\deepfake-detection-challenge\train_sample_videos\aklqzsddfl.mp4,fake,FAKE,lyvlnqduqg,lyvlnqduqg.mp4,False,dfdc,train
64d6d8820105258c,data\raw\DFDC_data\deepfake-detection-challenge\train_sample_videos\aknbdpmgua.mp4,fake,FAKE,yxyhvdlrgk,yxyhvdlrgk.mp4,False,dfdc,train
8330aeaa9f8f4397,data\raw\DFDC_data\deepfake-detection-challenge\train_sample_videos\aknmpoonls.mp4,fake,FAKE,swedbyuehz,swedbyuehz.mp4,False,dfdc,train
5ec7c7ca1c5b80ac,data\raw\DFDC_data\deepfake-detection-challenge\train_sample_videos\akvmwkdyuv.mp4,fake,FAKE,xlbnmndmku,xlbnmndmku.mp4,False,dfdc,val
3e94b33680d5321b,data\raw\DFDC_data\deepfake-detection-challenge\train_sample_videos\akxoopqjqz.mp4,fake,FAKE,meawmsgiti,meawmsgiti.mp4,False,dfdc,train
5e90f2143108e8cc,data\raw\DFDC_data\deepfake-detection-challenge\train_sample_videos\akzbnazxtz.mp4,fake,FAKE,ppdpgwyjgm,ppdpgwyjgm.mp4,False,dfdc,test
5fa1b49682c0747b,data\raw\DFDC_data\deepfake-detection-challenge\train_sample_videos\aladcziidp.mp4,fake,FAKE,fewcljwqkr,fewcljwqkr.mp4,False,dfdc,test
33a0cdc8dc50283c,data\raw\DFDC_data\deepfake-detection-challenge\train_sample_videos\alaijyygdv.mp4,fake,FAKE,cppdvdejkc,cppdvdejkc.mp4,True,dfdc,train
5797c263b4259f5e,data\raw\DFDC_data\deepfake-detection-challenge\train_sample_videos\alninxcyhg.mp4,fake,FAKE,tqhbgzfwsf,tqhbgzfwsf.mp4,False,dfdc,val
48cf43619af0a6bb,data\raw\DFDC_data\deepfake-detection-challenge\train_sample_videos\altziddtxi.mp4,fake,FAKE,meawmsgiti,meawmsgiti.mp4,False,dfdc,train
b995033ef801f784,data\raw\DFDC_data\deepfake-detection-challenge\train_sample_videos\alvgwypubw.mp4,fake,FAKE,vcxckqbaya,vcxckqbaya.mp4,False,dfdc,train
56ff952e327c7ea9,data\raw\DFDC_data\deepfake-detection-challenge\train_sample_videos\amaivqofda.mp4,fake,FAKE,xobhsemxmv,xobhsemxmv.mp4,False,dfdc,test
88567a994aad1580,data\raw\DFDC_data\deepfake-detection-challenge\train_sample_videos\amowujxmzc.mp4,fake,FAKE,xwcggrygwl,xwcggrygwl.mp4,False,dfdc,train
d847b7e97b030f9f,data\raw\DFDC_data\deepfake-detection-challenge\train_sample_videos\andaxzscny.mp4,fake,FAKE,fysyrqfguw,fysyrqfguw.mp4,False,dfdc,train
398062eab9cfcc7e,data\raw\DFDC_data\deepfake-detection-challenge\train_sample_videos\aneclqfpbt.mp4,fake,FAKE,xxsxktyvzt,xxsxktyvzt.mp4,False,dfdc,train
8bfbc79a3b229860,data\raw\DFDC_data\deepfake-detection-challenge\train_sample_videos\anpuvshzoo.mp4,real,REAL,anpuvshzoo,,True,dfdc,test
22e60f9b50dff619,data\raw\DFDC_data\deepfake-detection-challenge\train_sample_videos\aorjvbyxhw.mp4,fake,FAKE,bulkxhhknf,bulkxhhknf.mp4,True,dfdc,train
625d5ef271297347,data\raw\DFDC_data\deepfake-detection-challenge\train_sample_videos\apatcsqejh.mp4,fake,FAKE,edyncaijwx,edyncaijwx.mp4,True,dfdc,train
45bd4e33c38d7465,data\raw\DFDC_data\deepfake-detection-challenge\train_sample_videos\apgjqzkoma.mp4,fake,FAKE,jkddywriuf,jkddywriuf.mp4,False,dfdc,train
ef077949863e99bb,data\raw\DFDC_data\deepfake-detection-challenge\train_sample_videos\apogckdfrz.mp4,fake,FAKE,uonshkejav,uonshkejav.mp4,False,dfdc,val
54902ea7713957f4,data\raw\DFDC_data\deepfake-detection-challenge\train_sample_videos\aqpnvjhuzw.mp4,fake,FAKE,xngpzquyhs,xngpzquyhs.mp4,False,dfdc,train
ee55306452b3039f,data\raw\DFDC_data\deepfake-detection-challenge\train_sample_videos\arkroixhey.mp4,fake,FAKE,fjlyaizcwc,fjlyaizcwc.mp4,False,dfdc,train
975b84f3817f7c8d,data\raw\DFDC_data\deepfake-detection-challenge\train_sample_videos\arlmiizoob.mp4,fake,FAKE,meawmsgiti,meawmsgiti.mp4,False,dfdc,train
26b126fdb3c20a17,data\raw\DFDC_data\deepfake-detection-challenge\train_sample_videos\arrhsnjqku.mp4,fake,FAKE,inkqxytzyu,inkqxytzyu.mp4,False,dfdc,test
de58c73785475f83,data\raw\DFDC_data\deepfake-detection-challenge\train_sample_videos\asaxgevnnp.mp4,real,REAL,asaxgevnnp,,True,dfdc,test
e4db13c8a1b0a393,data\raw\DFDC_data\deepfake-detection-challenge\train_sample_videos\asdpeebotb.mp4,fake,FAKE,znjupdqnwo,znjupdqnwo.mp4,False,dfdc,val
606a4c51b42f4b6f,data\raw\DFDC_data\deepfake-detection-challenge\train_sample_videos\aslsvlvpth.mp4,fake,FAKE,jepguaulgf,jepguaulgf.mp4,False,dfdc,test
9500dfc9953336bf,data\raw\DFDC_data\deepfake-detection-challenge\train_sample_videos\asmpfjfzif.mp4,fake,FAKE,dzyuwjkjui,dzyuwjkjui.mp4,True,dfdc,train
2061842c9e47dcda,data\raw\DFDC_data\deepfake-detection-challenge\train_sample_videos\asvcrfdpnq.mp4,fake,FAKE,upgerjvcjb,upgerjvcjb.mp4,False,dfdc,test
ee64da7eea8cdf7d,data\raw\DFDC_data\deepfake-detection-challenge\train_sample_videos\atkdltyyen.mp4,real,REAL,atkdltyyen,,True,dfdc,train
00ad30b15f157a97,data\raw\DFDC_data\deepfake-detection-challenge\train_sample_videos\atvmxvwyns.mp4,real,REAL,atvmxvwyns,,True,dfdc,train
3de15977f1dd2b45,data\raw\DFDC_data\deepfake-detection-challenge\train_sample_videos\atxvxouljq.mp4,fake,FAKE,wwqiuiwdbz,wwqiuiwdbz.mp4,False,dfdc,test
4ba3f06a7d99c78d,data\raw\DFDC_data\deepfake-detection-challenge\train_sample_videos\atyntldecu.mp4,fake,FAKE,mfzqxktxud,mfzqxktxud.mp4,False,dfdc,train
6c08e5b67f0d3b23,data\raw\DFDC_data\deepfake-detection-challenge\train_sample_videos\atzdznmder.mp4,fake,FAKE,qedsgieuqn,qedsgieuqn.mp4,False,dfdc,val
a5e5d91c92d205df,data\raw\DFDC_data\deepfake-detection-challenge\train_sample_videos\aufmsmnoye.mp4,fake,FAKE,ppdpgwyjgm,ppdpgwyjgm.mp4,False,dfdc,test
c63cd341e9341055,data\raw\DFDC_data\deepfake-detection-challenge\train_sample_videos\augtsuxpzc.mp4,fake,FAKE,ifbdbogiqn,ifbdbogiqn.mp4,False,dfdc,train
e120032a81b4ecf9,data\raw\DFDC_data\deepfake-detection-challenge\train_sample_videos\avfitoutyn.mp4,fake,FAKE,mfzqxktxud,mfzqxktxud.mp4,False,dfdc,train
b1e6ae7943f01705,data\raw\DFDC_data\deepfake-detection-challenge\train_sample_videos\avgiuextiz.mp4,fake,FAKE,hyhjfdxqxy,hyhjfdxqxy.mp4,False,dfdc,train
08714074399cf6cb,data\raw\DFDC_data\deepfake-detection-challenge\train_sample_videos\avibnnhwhp.mp4,fake,FAKE,jdubbvfswz,jdubbvfswz.mp4,False,dfdc,test
d58183a0500bc7d3,data\raw\DFDC_data\deepfake-detection-challenge\train_sample_videos\avmjormvsx.mp4,real,REAL,avmjormvsx,,True,dfdc,train
012b9daa4dbed324,data\raw\DFDC_data\deepfake-detection-challenge\train_sample_videos\avnqydkqjj.mp4,fake,FAKE,efwfxwwlbw,efwfxwwlbw.mp4,True,dfdc,train
b56354968c8b0c8b,data\raw\DFDC_data\deepfake-detection-challenge\train_sample_videos\avssvvsdhz.mp4,fake,FAKE,gktjowiuqe,gktjowiuqe.mp4,False,dfdc,train
5a098c7059c4c71b,data\raw\DFDC_data\deepfake-detection-challenge\train_sample_videos\avtycwsgyb.mp4,fake,FAKE,qzklcjjxdq,qzklcjjxdq.mp4,False,dfdc,train
e0cf7c4c634e324b,data\raw\DFDC_data\deepfake-detection-challenge\train_sample_videos\avvdgsennp.mp4,fake,FAKE,gbqrgajyca,gbqrgajyca.mp4,False,dfdc,train
5109ed5bd6841f8f,data\raw\DFDC_data\deepfake-detection-challenge\train_sample_videos\avywawptfc.mp4,fake,FAKE,rrcsuwgpnd,rrcsuwgpnd.mp4,False,dfdc,train
43b0480135001463,data\raw\DFDC_data\deepfake-detection-challenge\train_sample_videos\awhmfnnjih.mp4,fake,FAKE,xclqbefnvc,xclqbefnvc.mp4,False,dfdc,val
c9c6d8de7b7339fc,data\raw\DFDC_data\deepfake-detection-challenge\train_sample_videos\awnwkrqibf.mp4,fake,FAKE,cprhtltsjp,cprhtltsjp.mp4,True,dfdc,train
f3666964b843525c,data\raw\DFDC_data\deepfake-detection-challenge\train_sample_videos\awukslzjra.mp4,fake,FAKE,ujzwwfkeia,ujzwwfkeia.mp4,False,dfdc,val
0551cb08e62037d4,data\raw\DFDC_data\deepfake-detection-challenge\train_sample_videos\axczxisdtb.mp4,fake,FAKE,meawmsgiti,meawmsgiti.mp4,False,dfdc,train
54db0a168b376529,data\raw\DFDC_data\deepfake-detection-challenge\train_sample_videos\axntxmycwd.mp4,real,REAL,axntxmycwd,,True,dfdc,train
cad5bda04718a0c5,data\raw\DFDC_data\deepfake-detection-challenge\train_sample_videos\axoygtekut.mp4,fake,FAKE,topyiohccg,topyiohccg.mp4,False,dfdc,train
7d145140e340d5fe,data\raw\DFDC_data\deepfake-detection-challenge\train_sample_videos\axwgcsyphv.mp4,fake,FAKE,mfnowqfdwl,mfnowqfdwl.mp4,False,dfdc,val
488e7b3e340f4acf,data\raw\DFDC_data\deepfake-detection-challenge\train_sample_videos\axwovszumc.mp4,fake,FAKE,rvoudrbyac,rvoudrbyac.mp4,False,dfdc,train
cf522d5bfd93b03d,data\raw\DFDC_data\deepfake-detection-challenge\train_sample_videos\aybgughjxh.mp4,real,REAL,aybgughjxh,,True,dfdc,test
48cff39e14bd2249,data\raw\DFDC_data\deepfake-detection-challenge\train_sample_videos\aybumesmpk.mp4,real,REAL,aybumesmpk,,True,dfdc,val
a3dfd2ad59211d5d,data\raw\DFDC_data\deepfake-detection-challenge\train_sample_videos\ayqvfdhslr.mp4,fake,FAKE,xxrzzncksa,xxrzzncksa.mp4,False,dfdc,test
6aebc9cbbf504249,data\raw\DFDC_data\deepfake-detection-challenge\train_sample_videos\aytzyidmgs.mp4,real,REAL,aytzyidmgs,,True,dfdc,train
73b3b4f6ca34deb1,data\raw\DFDC_data\deepfake-detection-challenge\train_sample_videos\azpuxunqyo.mp4,fake,FAKE,jjyfvzxwwx,jjyfvzxwwx.mp4,False,dfdc,train
8d0908194e0ec120,data\raw\DFDC_data\deepfake-detection-challenge\train_sample_videos\azsmewqghg.mp4,fake,FAKE,djxdyjopjd,djxdyjopjd.mp4,True,dfdc,train
a98935e74791cd4d,data\raw\DFDC_data\deepfake-detection-challenge\train_sample_videos\bahdpoesir.mp4,fake,FAKE,xnhcreiyqg,xnhcreiyqg.mp4,False,dfdc,val
fe02bfa4825ac51f,data\raw\DFDC_data\deepfake-detection-challenge\train_sample_videos\bbhpvrmbse.mp4,fake,FAKE,imzqmbfugn,imzqmbfugn.mp4,False,dfdc,train
222d1e967fe80027,data\raw\DFDC_data\deepfake-detection-challenge\train_sample_videos\bbhtdfuqxq.mp4,fake,FAKE,cpjxareypw,cpjxareypw.mp4,True,dfdc,train
3da3ecfe566a84e5,data\raw\DFDC_data\deepfake-detection-challenge\train_sample_videos\bbvgxeczei.mp4,fake,FAKE,fysyrqfguw,fysyrqfguw.mp4,False,dfdc,train
3c4613b30ada7b71,data\raw\DFDC_data\deepfake-detection-challenge\train_sample_videos\bchnbulevv.mp4,fake,FAKE,iyefnuagav,iyefnuagav.mp4,False,dfdc,train
3e6d156247f94af5,data\raw\DFDC_data\deepfake-detection-challenge\train_sample_videos\bctvsmddgq.mp4,fake,FAKE,ybjrqnqnno,ybjrqnqnno.mp4,False,dfdc,train
b9e487f1071bf21e,data\raw\DFDC_data\deepfake-detection-challenge\train_sample_videos\bdbhekrrwo.mp4,fake,FAKE,qtnjyomzwo,qtnjyomzwo.mp4,False,dfdc,train
4a36c6b78edc5bfa,data\raw\DFDC_data\deepfake-detection-challenge\train_sample_videos\bddjdhzfze.mp4,real,REAL,bddjdhzfze,,True,dfdc,val
9e4baace9f697043,data\raw\DFDC_data\deepfake-detection-challenge\train_sample_videos\bdgipnyobr.mp4,fake,FAKE,keecvpbncd,keecvpbncd.mp4,False,dfdc,test
6e2b0b183d60386a,data\raw\DFDC_data\deepfake-detection-challenge\train_sample_videos\bdnaqemxmr.mp4,real,REAL,bdnaqemxmr,,True,dfdc,train
e8bd726ebdd7ad16,data\raw\DFDC_data\deepfake-detection-challenge\train_sample_videos\bdxuhamuqx.mp4,fake,FAKE,fecysfujzk,fecysfujzk.mp4,False,dfdc,val
946d71d0cd937ed1,data\raw\DFDC_data\deepfake-detection-challenge\train_sample_videos\beboztfcme.mp4,real,REAL,beboztfcme,,True,dfdc,train
e8c45e09885173b4,data\raw\DFDC_data\deepfake-detection-challenge\train_sample_videos\bejhvclboh.mp4,real,REAL,bejhvclboh,,True,dfdc,train
a397abd2bf733f1e,data\raw\DFDC_data\deepfake-detection-challenge\train_sample_videos\benmsfzfaz.mp4,fake,FAKE,kysxawkest,kysxawkest.mp4,False,dfdc,train
8ec659d9ee3fe6df,data\raw\DFDC_data\deepfake-detection-challenge\train_sample_videos\beyebyhrph.mp4,real,REAL,beyebyhrph,,True,dfdc,train
558ee23c9e772279,data\raw\DFDC_data\deepfake-detection-challenge\train_sample_videos\bffwsjxghk.mp4,real,REAL,bffwsjxghk,,True,dfdc,train
87e6a601c11698fd,data\raw\DFDC_data\deepfake-detection-challenge\train_sample_videos\bgaogsjehq.mp4,fake,FAKE,xzvrgckqkz,xzvrgckqkz.mp4,False,dfdc,train
ccb577450730a2a3,data\raw\DFDC_data\deepfake-detection-challenge\train_sample_videos\bggsurpgpr.mp4,fake,FAKE,gxembgiarp,gxembgiarp.mp4,False,dfdc,test
3ee5faca4361c032,data\raw\DFDC_data\deepfake-detection-challenge\train_sample_videos\bghphrsfxf.mp4,fake,FAKE,sgjnvxvcpu,sgjnvxvcpu.mp4,False,dfdc,test
d52b12776139886e,data\raw\DFDC_data\deepfake-detection-challenge\train_sample_videos\bgmlwsoamc.mp4,fake,FAKE,woshnzbxmc,woshnzbxmc.mp4,False,dfdc,test
e9758f025f383d85,data\raw\DFDC_data\deepfake-detection-challenge\train_sample_videos\bguwlyazau.mp4,fake,FAKE,znpdbbsfvj,znpdbbsfvj.mp4,False,dfdc,train
115a5b906883a872,data\raw\DFDC_data\deepfake-detection-challenge\train_sample_videos\bgvhtpzknn.mp4,real,REAL,bgvhtpzknn,,True,dfdc,val
a6ebd8e3d8a61ffe,data\raw\DFDC_data\deepfake-detection-challenge\train_sample_videos\bgwmmujlmc.mp4,real,REAL,bgwmmujlmc,,True,dfdc,train
1cbed826103f4b02,data\raw\DFDC_data\deepfake-detection-challenge\train_sample_videos\bhaaboftbc.mp4,fake,FAKE,rlvgtsjyer,rlvgtsjyer.mp4,False,dfdc,train
47fb44a58bdf8a8e,data\raw\DFDC_data\deepfake-detection-challenge\train_sample_videos\bhbdugnurr.mp4,fake,FAKE,vcxckqbaya,vcxckqbaya.mp4,False,dfdc,train
1774fc8784ad41ae,data\raw\DFDC_data\deepfake-detection-challenge\train_sample_videos\bhpwpydzpo.mp4,fake,FAKE,yfsnwkbafm,yfsnwkbafm.mp4,False,dfdc,val
a3f30cef3a137d12,data\raw\DFDC_data\deepfake-detection-challenge\train_sample_videos\bhsluedavd.mp4,fake,FAKE,kydlpqfrvv,kydlpqfrvv.mp4,False,dfdc,train
c62eee7eaad27054,data\raw\DFDC_data\deepfake-detection-challenge\train_sample_videos\bilnggbxgu.mp4,real,REAL,bilnggbxgu,,True,dfdc,test
9be1e8226ddca636,data\raw\DFDC_data\deepfake-detection-challenge\train_sample_videos\bjjbwsqjir.mp4,fake,FAKE,tdohqkzvbk,tdohqkzvbk.mp4,False,dfdc,train
da9e620c6506db95,data\raw\DFDC_data\deepfake-detection-challenge\train_sample_videos\bjkmjilrxp.mp4,fake,FAKE,yfsnwkbafm,yfsnwkbafm.mp4,False,dfdc,val
06b660c761ba3600,data\raw\DFDC_data\deepfake-detection-challenge\train_sample_videos\bjsmaqefoi.mp4,fake,FAKE,mfpgdgsaxg,mfpgdgsaxg.mp4,False,dfdc,test
ba04d921c61275e3,data\raw\DFDC_data\deepfake-detection-challenge\train_sample_videos\bkmdzhfzfh.mp4,fake,FAKE,hyuipchisa,hyuipchisa.mp4,False,dfdc,train
f9cf6375c5271cf5,data\raw\DFDC_data\deepfake-detection-challenge\train_sample_videos\bkvetcojbt.mp4,fake,FAKE,ybjrqnqnno,ybjrqnqnno.mp4,False,dfdc,train
dc60a098e96bddbb,data\raw\DFDC_data\deepfake-detection-challenge\train_sample_videos\bkwxhglwct.mp4,fake,FAKE,gjypopglvi,gjypopglvi.mp4,False,dfdc,train
53aa291cc59fd204,data\raw\DFDC_data\deepfake-detection-challenge\train_sample_videos\blpchvmhxx.mp4,fake,FAKE,xqnykluhws,xqnykluhws.mp4,False,dfdc,val
d9d3282e2657034c,data\raw\DFDC_data\deepfake-detection-challenge\train_sample_videos\blzydqdfem.mp4,fake,FAKE,dbtbbhakdv,dbtbbhakdv.mp4,True,dfdc,train
0c590b4e9f0a917a,data\raw\DFDC_data\deepfake-detection-challenge\train_sample_videos\bmbbkwmxqj.mp4,fake,FAKE,rrcsuwgpnd,rrcsuwgpnd.mp4,False,dfdc,train
63eed539c47896de,data\raw\DFDC_data\deepfake-detection-challenge\train_sample_videos\bmehkyanbj.mp4,fake,FAKE,ptokilxwcx,ptokilxwcx.mp4,False,dfdc,test
9aee922027a1af08,data\raw\DFDC_data\deepfake-detection-challenge\train_sample_videos\bmhvktyiwp.mp4,fake,FAKE,gneufaypol,gneufaypol.mp4,False,dfdc,train
e006deb892b880e9,data\raw\DFDC_data\deepfake-detection-challenge\train_sample_videos\bmioepcpsx.mp4,fake,FAKE,vmospzljws,vmospzljws.mp4,False,dfdc,test
327496a901c8ad57,data\raw\DFDC_data\deepfake-detection-challenge\train_sample_videos\bmjmjmbglm.mp4,fake,FAKE,mmhqllmlew,mmhqllmlew.mp4,False,dfdc,train
1c409479acb571c0,data\raw\DFDC_data\deepfake-detection-challenge\train_sample_videos\bmjzrlszhi.mp4,real,REAL,bmjzrlszhi,,True,dfdc,train
8e89eab56a47b7c6,data\raw\DFDC_data\deepfake-detection-challenge\train_sample_videos\bnbuonyoje.mp4,fake,FAKE,fntskqfxxf,fntskqfxxf.mp4,False,dfdc,test
18dfe69f040852ea,data\raw\DFDC_data\deepfake-detection-challenge\train_sample_videos\bndybcqhfr.mp4,fake,FAKE,xnfwdpptym,xnfwdpptym.mp4,False,dfdc,train
ddc85f943c86f9ad,data\raw\DFDC_data\deepfake-detection-challenge\train_sample_videos\bnjcdrfuov.mp4,fake,FAKE,ellavthztb,ellavthztb.mp4,True,dfdc,train
9faf63c68b7c17cb,data\raw\DFDC_data\deepfake-detection-challenge\train_sample_videos\bntlodcfeg.mp4,fake,FAKE,ytufbmkdlq,ytufbmkdlq.mp4,False,dfdc,val
b50aa9f168bbbd0e,data\raw\DFDC_data\deepfake-detection-challenge\train_sample_videos\bofqajtwve.mp4,fake,FAKE,dbtbbhakdv,dbtbbhakdv.mp4,True,dfdc,train
8da4b119ff192d94,data\raw\DFDC_data\deepfake-detection-challenge\train_sample_videos\boovltmuwi.mp4,fake,FAKE,sfujxhuyje,sfujxhuyje.mp4,False,dfdc,test
a48415b250812927,data\raw\DFDC_data\deepfake-detection-challenge\train_sample_videos\bopqhhalml.mp4,fake,FAKE,oesxbvktem,oesxbvktem.mp4,False,dfdc,train
0f3e5fe731f29695,data\raw\DFDC_data\deepfake-detection-challenge\train_sample_videos\bourlmzsio.mp4,fake,FAKE,bxzakyopjf,bxzakyopjf.mp4,True,dfdc,train
0391ca19a2c60910,data\raw\DFDC_data\deepfake-detection-challenge\train_sample_videos\bpapbctoao.mp4,real,REAL,bpapbctoao,,True,dfdc,test
2d27e3400b9785a3,data\raw\DFDC_data\deepfake-detection-challenge\train_sample_videos\bpwzipqtxf.mp4,fake,FAKE,lmlyvmfbbe,lmlyvmfbbe.mp4,False,dfdc,test
9a1dd45b3e528848,data\raw\DFDC_data\deepfake-detection-challenge\train_sample_videos\bpxckdzddv.mp4,fake,FAKE,cizlkenljw,cizlkenljw.mp4,True,dfdc,train
8d52d5aa8c81b6db,data\raw\DFDC_data\deepfake-detection-challenge\train_sample_videos\bqdjzqhcft.mp4,fake,FAKE,ytufbmkdlq,ytufbmkdlq.mp4,False,dfdc,val
55011c9c0035cff7,data\raw\DFDC_data\deepfake-detection-challenge\train_sample_videos\bqeiblbxtl.mp4,fake,FAKE,iklzfeueid,iklzfeueid.mp4,False,dfdc,train
78888b138d476029,data\raw\DFDC_data\deepfake-detection-challenge\train_sample_videos\bqhtpqmmqp.mp4,fake,FAKE,meawmsgiti,meawmsgiti.mp4,False,dfdc,train
a8f02dd0ab6cd24b,data\raw\DFDC_data\deepfake-detection-challenge\train_sample_videos\bqkdbcqjvb.mp4,fake,FAKE,atvmxvwyns,atvmxvwyns.mp4,True,dfdc,train
b1df01bef678bb9d,data\raw\DFDC_data\deepfake-detection-challenge\train_sample_videos\bqnymlsayl.mp4,fake,FAKE,xagsvjctmp,xagsvjctmp.mp4,False,dfdc,test
d5b964b46429f905,data\raw\DFDC_data\deepfake-detection-challenge\train_sample_videos\bqqpbzjgup.mp4,fake,FAKE,djxdyjopjd,djxdyjopjd.mp4,True,dfdc,train
ad59b958dfdbd69b,data\raw\DFDC_data\deepfake-detection-challenge\train_sample_videos\bqtuuwzdtr.mp4,fake,FAKE,yagllixjvh,yagllixjvh.mp4,False,dfdc,test
c80ef67ab06f3d63,data\raw\DFDC_data\deepfake-detection-challenge\train_sample_videos\brhalypwoo.mp4,fake,FAKE,uuxqylnzls,uuxqylnzls.mp4,False,dfdc,test
a58470856e099da3,data\raw\DFDC_data\deepfake-detection-challenge\train_sample_videos\brvqtabyxj.mp4,fake,FAKE,ywvlvpvroj,ywvlvpvroj.mp4,False,dfdc,train
4db7daf73fff822a,data\raw\DFDC_data\deepfake-detection-challenge\train_sample_videos\brwrlczjvi.mp4,real,REAL,brwrlczjvi,,True,dfdc,train
953ca86209f4402d,data\raw\DFDC_data\deepfake-detection-challenge\train_sample_videos\bseamdrpbj.mp4,fake,FAKE,fdcttsvjwf,fdcttsvjwf.mp4,False,dfdc,train
88c1643542341c8a,data\raw\DFDC_data\deepfake-detection-challenge\train_sample_videos\bsfmwclnqy.mp4,fake,FAKE,ubplsigbvj,ubplsigbvj.mp4,False,dfdc,train
e8c4f94e3c3e9261,data\raw\DFDC_data\deepfake-detection-challenge\train_sample_videos\bsqgziaylx.mp4,fake,FAKE,brwrlczjvi,brwrlczjvi.mp4,True,dfdc,train
ac3c37378e426116,data\raw\DFDC_data\deepfake-detection-challenge\train_sample_videos\btiysiskpf.mp4,fake,FAKE,gxhcuxulhi,gxhcuxulhi.mp4,False,dfdc,val
6ce35bd09c8d58d6,data\raw\DFDC_data\deepfake-detection-challenge\train_sample_videos\btjlfpzbdu.mp4,fake,FAKE,drcyabprvt,drcyabprvt.mp4,True,dfdc,train
48ad565d80f2ce17,data\raw\DFDC_data\deepfake-detection-challenge\train_sample_videos\btjwbtsgln.mp4,fake,FAKE,xwcggrygwl,xwcggrygwl.mp4,False,dfdc,train
503bea88ed4cba76,data\raw\DFDC_data\deepfake-detection-challenge\train_sample_videos\btmsngnqhv.mp4,fake,FAKE,crezycjqyk,crezycjqyk.mp4,True,dfdc,train
bb7c49f1cd185221,data\raw\DFDC_data\deepfake-detection-challenge\train_sample_videos\btohlidmru.mp4,fake,FAKE,cyxlcuyznd,cyxlcuyznd.mp4,True,dfdc,train
0e37e64afa75cbeb,data\raw\DFDC_data\deepfake-detection-challenge\train_sample_videos\btugrnoton.mp4,fake,FAKE,kgbkktcjxf,kgbkktcjxf.mp4,False,dfdc,train
e52d7ffb8898da4a,data\raw\DFDC_data\deepfake-detection-challenge\train_sample_videos\btunxncpjh.mp4,fake,FAKE,mgowkzsbyx,mgowkzsbyx.mp4,False,dfdc,train
8648fec65b7c8759,data\raw\DFDC_data\deepfake-detection-challenge\train_sample_videos\btxlttbpkj.mp4,fake,FAKE,fhghkqdkhe,fhghkqdkhe.mp4,False,dfdc,test
13aacd5dbd2e1368,data\raw\DFDC_data\deepfake-detection-challenge\train_sample_videos\bulkxhhknf.mp4,real,REAL,bulkxhhknf,,True,dfdc,train
88a87bca4ab6eb39,data\raw\DFDC_data\deepfake-detection-challenge\train_sample_videos\bvgwelbeof.mp4,fake,FAKE,mmhqllmlew,mmhqllmlew.mp4,False,dfdc,train
01567f7b7decf1cb,data\raw\DFDC_data\deepfake-detection-challenge\train_sample_videos\bvzjkezkms.mp4,fake,FAKE,ekcrtigpab,ekcrtigpab.mp4,True,dfdc,train
e983f6b924e225b2,data\raw\DFDC_data\deepfake-detection-challenge\train_sample_videos\bweezhfpzp.mp4,fake,FAKE,ywvlvpvroj,ywvlvpvroj.mp4,False,dfdc,train
454336f95f7ab475,data\raw\DFDC_data\deepfake-detection-challenge\train_sample_videos\bwhlgysghg.mp4,real,REAL,bwhlgysghg,,True,dfdc,val
70e75827474933bd,data\raw\DFDC_data\deepfake-detection-challenge\train_sample_videos\bwipwzzxxu.mp4,real,REAL,bwipwzzxxu,,True,dfdc,train
9ffbd3f454bad373,data\raw\DFDC_data\deepfake-detection-challenge\train_sample_videos\bwuwstvsbw.mp4,fake,FAKE,xzvrgckqkz,xzvrgckqkz.mp4,False,dfdc,train
f28d1f75690be843,data\raw\DFDC_data\deepfake-detection-challenge\train_sample_videos\bxzakyopjf.mp4,real,REAL,bxzakyopjf,,True,dfdc,train
42b8db8f57e5f847,data\raw\DFDC_data\deepfake-detection-challenge\train_sample_videos\bydaidkpdp.mp4,fake,FAKE,gktjowiuqe,gktjowiuqe.mp4,False,dfdc,train
82ed305b5e9e8f09,data\raw\DFDC_data\deepfake-detection-challenge\train_sample_videos\byfenovjnf.mp4,fake,FAKE,gipbyjfxfp,gipbyjfxfp.mp4,False,dfdc,train
589577104e93c7de,data\raw\DFDC_data\deepfake-detection-challenge\train_sample_videos\byijojkdba.mp4,fake,FAKE,liniegczcx,liniegczcx.mp4,False,dfdc,test
2e17882ffa7b722d,data\raw\DFDC_data\deepfake-detection-challenge\train_sample_videos\byofowlkki.mp4,fake,FAKE,ifjktxxiln,ifjktxxiln.mp4,False,dfdc,train
dd8536c7ad99a2b9,data\raw\DFDC_data\deepfake-detection-challenge\train_sample_videos\byqzyxifza.mp4,fake,FAKE,kgbkktcjxf,kgbkktcjxf.mp4,False,dfdc,train
cc3c68ee1d0b5289,data\raw\DFDC_data\deepfake-detection-challenge\train_sample_videos\byunigvnay.mp4,fake,FAKE,nvpluswotp,nvpluswotp.mp4,False,dfdc,train
1cd2525777a34a10,data\raw\DFDC_data\deepfake-detection-challenge\train_sample_videos\byyqectxqa.mp4,fake,FAKE,fdcttsvjwf,fdcttsvjwf.mp4,False,dfdc,train
3e2cba54093ab092,data\raw\DFDC_data\deepfake-detection-challenge\train_sample_videos\bzmdrafeex.mp4,fake,FAKE,sqwvfgwdxr,sqwvfgwdxr.mp4,False,dfdc,test
dec66a76bde3df07,data\raw\DFDC_data\deepfake-detection-challenge\train_sample_videos\bzythlfnhq.mp4,real,REAL,bzythlfnhq,,True,dfdc,train
9ee1aec9a7726202,data\raw\DFDC_data\deepfake-detection-challenge\train_sample_videos\caifxvsozs.mp4,real,REAL,caifxvsozs,,True,dfdc,train
5ef19e71e5cbac01,data\raw\DFDC_data\deepfake-detection-challenge\train_sample_videos\caqbrkogkb.mp4,fake,FAKE,vgqotmftcr,vgqotmftcr.mp4,False,dfdc,val
d922e14ffbe2ec49,data\raw\DFDC_data\deepfake-detection-challenge\train_sample_videos\cbbibzcoih.mp4,fake,FAKE,lietldeotq,lietldeotq.mp4,False,dfdc,val
621b447e4c05a5c4,data\raw\DFDC_data\deepfake-detection-challenge\train_sample_videos\cbltdtxglo.mp4,fake,FAKE,svcnlasmeh,svcnlasmeh.mp4,False,dfdc,train
069c1b9b85c37115,data\raw\DFDC_data\deepfake-detection-challenge\train_sample_videos\ccfoszqabv.mp4,real,REAL,ccfoszqabv,,True,dfdc,train
5aa45fbcde54d430,data\raw\DFDC_data\deepfake-detection-challenge\train_sample_videos\ccmonzqfrz.mp4,fake,FAKE,gxhcuxulhi,gxhcuxulhi.mp4,False,dfdc,val
7ae7b2b66ee4a9dc,data\raw\DFDC_data\deepfake-detection-challenge\train_sample_videos\cdaxixbosp.mp4,fake,FAKE,itzmdwutdu,itzmdwutdu.mp4,False,dfdc,val
2985b2c11e34c429,data\raw\DFDC_data\deepfake-detection-challenge\train_sample_videos\cdbsbdymzd.mp4,fake,FAKE,xngpzquyhs,xngpzquyhs.mp4,False,dfdc,train
6975bb26d75cc71a,data\raw\DFDC_data\deepfake-detection-challenge\train_sample_videos\cdphtzqrvp.mp4,fake,FAKE,ehtdtkmmli,ehtdtkmmli.mp4,True,dfdc,train
1d30ac4fce4d5517,data\raw\DFDC_data\deepfake-detection-challenge\train_sample_videos\cdyakrxkia.mp4,fake,FAKE,atvmxvwyns,atvmxvwyns.mp4,True,dfdc,train
0e6e5a21a640feef,data\raw\DFDC_data\deepfake-detection-challenge\train_sample_videos\cepxysienc.mp4,fake,FAKE,euqpvnyxrb,euqpvnyxrb.mp4,False,dfdc,train
98330585eb1f66d6,data\raw\DFDC_data\deepfake-detection-challenge\train_sample_videos\cettndmvzl.mp4,fake,FAKE,kysxawkest,kysxawkest.mp4,False,dfdc,train
15a1caee86cc256f,data\raw\DFDC_data\deepfake-detection-challenge\train_sample_videos\ceymbecxnj.mp4,fake,FAKE,gjypopglvi,gjypopglvi.mp4,False,dfdc,train
a2538627e905a0e0,data\raw\DFDC_data\deepfake-detection-challenge\train_sample_videos\cferslmfwh.mp4,fake,FAKE,fygviyzcjm,fygviyzcjm.mp4,False,dfdc,test
3b22c9befa3b4884,data\raw\DFDC_data\deepfake-detection-challenge\train_sample_videos\cffffbcywc.mp4,fake,FAKE,ztbinwxgyu,ztbinwxgyu.mp4,False,dfdc,train
f238618aa8f67f88,data\raw\DFDC_data\deepfake-detection-challenge\train_sample_videos\cfxkpiweqt.mp4,real,REAL,cfxkpiweqt,,True,dfdc,train
ddd8c6ea2ac1b071,data\raw\DFDC_data\deepfake-detection-challenge\train_sample_videos\cfyduhpbps.mp4,fake,FAKE,tfoxelmnjx,tfoxelmnjx.mp4,False,dfdc,test
3726741e84b355d9,data\raw\DFDC_data\deepfake-detection-challenge\train_sample_videos\cglxirfaey.mp4,fake,FAKE,qypgyrxcme,qypgyrxcme.mp4,False,dfdc,train
21ce60c0ffbbb720,data\raw\DFDC_data\deepfake-detection-challenge\train_sample_videos\cgvrgibpfo.mp4,fake,FAKE,puppdcffcj,puppdcffcj.mp4,False,dfdc,train
442bab3482626b77,data\raw\DFDC_data\deepfake-detection-challenge\train_sample_videos\chtapglbcj.mp4,real,REAL,chtapglbcj,,True,dfdc,train
50015ab9b252181b,data\raw\DFDC_data\deepfake-detection-challenge\train_sample_videos\chviwxsfhg.mp4,real,REAL,chviwxsfhg,,True,dfdc,val
bcefc61c035361a5,data\raw\DFDC_data\deepfake-detection-challenge\train_sample_videos\chzieimrwu.mp4,fake,FAKE,topyiohccg,topyiohccg.mp4,False,dfdc,train
cdee4c3857140cb6,data\raw\DFDC_data\deepfake-detection-challenge\train_sample_videos\ciyoudyhly.mp4,real,REAL,ciyoudyhly,,True,dfdc,test
c2965a8c747216d9,data\raw\DFDC_data\deepfake-detection-challenge\train_sample_videos\cizlkenljw.mp4,real,REAL,cizlkenljw,,True,dfdc,train
97d03cfb61f7da0f,data\raw\DFDC_data\deepfake-detection-challenge\train_sample_videos\ckbdwedgmc.mp4,fake,FAKE,zrkinjhsuq,zrkinjhsuq.mp4,False,dfdc,train
542589c9649ec0bc,data\raw\DFDC_data\deepfake-detection-challenge\train_sample_videos\ckjaibzfxa.mp4,real,REAL,ckjaibzfxa,,True,dfdc,val
8f52158771f0695e,data\raw\DFDC_data\deepfake-detection-challenge\train_sample_videos\ckkuyewywx.mp4,real,REAL,ckkuyewywx,,True,dfdc,train
71b44afdefff0b78,data\raw\DFDC_data\deepfake-detection-challenge\train_sample_videos\cknyxaqouy.mp4,fake,FAKE,bwipwzzxxu,bwipwzzxxu.mp4,True,dfdc,train
e2b05984be54fcbb,data\raw\DFDC_data\deepfake-detection-challenge\train_sample_videos\cksanfsjhc.mp4,fake,FAKE,atkdltyyen,atkdltyyen.mp4,True,dfdc,train
f850cf11b47e92b1,data\raw\DFDC_data\deepfake-detection-challenge\train_sample_videos\clihsshdkq.mp4,fake,FAKE,qzimuostzz,qzimuostzz.mp4,False,dfdc,train
1987fd6bbd94ab71,data\raw\DFDC_data\deepfake-detection-challenge\train_sample_videos\clrycekyst.mp4,real,REAL,clrycekyst,,True,dfdc,test
2fab374afb6d33f6,data\raw\DFDC_data\deepfake-detection-challenge\train_sample_videos\cmbzllswnl.mp4,real,REAL,cmbzllswnl,,True,dfdc,train
3929378a175b6801,data\raw\DFDC_data\deepfake-detection-challenge\train_sample_videos\cmxcfkrjiv.mp4,fake,FAKE,ztbinwxgyu,ztbinwxgyu.mp4,False,dfdc,train
2514d7a1a79edb9f,data\raw\DFDC_data\deepfake-detection-challenge\train_sample_videos\cnilkgvfei.mp4,fake,FAKE,kwyvikrgmx,kwyvikrgmx.mp4,False,dfdc,val
7bf6e56391ce898f,data\raw\DFDC_data\deepfake-detection-challenge\train_sample_videos\coadfnerlk.mp4,fake,FAKE,bwipwzzxxu,bwipwzzxxu.mp4,True,dfdc,train
d4a932291166edcb,data\raw\DFDC_data\deepfake-detection-challenge\train_sample_videos\cobjrlugvp.mp4,real,REAL,cobjrlugvp,,True,dfdc,train
a8cf8c5a47b37168,data\raw\DFDC_data\deepfake-detection-challenge\train_sample_videos\covdcysmbi.mp4,fake,FAKE,jomvcqqars,jomvcqqars.mp4,False,dfdc,train
aa1ffed6ab221c3b,data\raw\DFDC_data\deepfake-detection-challenge\train_sample_videos\cpjxareypw.mp4,real,REAL,cpjxareypw,,True,dfdc,train
49acbf7318b032e4,data\raw\DFDC_data\deepfake-detection-challenge\train_sample_videos\cppdvdejkc.mp4,real,REAL,cppdvdejkc,,True,dfdc,train
8204478fd45feb45,data\raw\DFDC_data\deepfake-detection-challenge\train_sample_videos\cprhtltsjp.mp4,real,REAL,cprhtltsjp,,True,dfdc,train
db308b5bc622cdf5,data\raw\DFDC_data\deepfake-detection-challenge\train_sample_videos\cqfugiqupm.mp4,fake,FAKE,fpvduejzcw,fpvduejzcw.mp4,False,dfdc,train
51c966cc342f3079,data\raw\DFDC_data\deepfake-detection-challenge\train_sample_videos\cqhngvpgyi.mp4,fake,FAKE,tfoixxmpoo,tfoixxmpoo.mp4,False,dfdc,train
4779a26181dff839,data\raw\DFDC_data\deepfake-detection-challenge\train_sample_videos\cqrskwiqng.mp4,fake,FAKE,swedbyuehz,swedbyuehz.mp4,False,dfdc,train
cdb03ff4584b5741,data\raw\DFDC_data\deepfake-detection-challenge\train_sample_videos\crezycjqyk.mp4,real,REAL,crezycjqyk,,True,dfdc,train
15c6f7989ee338c6,data\raw\DFDC_data\deepfake-detection-challenge\train_sample_videos\crktehraph.mp4,fake,FAKE,vrsinxahfh,vrsinxahfh.mp4,False,dfdc,test
a7036f357835e940,data\raw\DFDC_data\deepfake-detection-challenge\train_sample_videos\crzfebnfgb.mp4,fake,FAKE,wgmbcqfgkp,wgmbcqfgkp.mp4,False,dfdc,val
519c881d9d03fc26,data\raw\DFDC_data\deepfake-detection-challenge\train_sample_videos\cthdnahrkh.mp4,fake,FAKE,vrsinxahfh,vrsinxahfh.mp4,False,dfdc,test
db7457e2eb042d27,data\raw\DFDC_data\deepfake-detection-challenge\train_sample_videos\ctpqeykqdp.mp4,fake,FAKE,iklzfeueid,iklzfeueid.mp4,False,dfdc,train
46b5c15afaf378ea,data\raw\DFDC_data\deepfake-detection-challenge\train_sample_videos\cttqtsjvgn.mp4,fake,FAKE,fkyrrigzpt,fkyrrigzpt.mp4,False,dfdc,val
1d05a419d6fa8de0,data\raw\DFDC_data\deepfake-detection-challenge\train_sample_videos\ctzmavwror.mp4,fake,FAKE,lkdlzpkukw,lkdlzpkukw.mp4,False,dfdc,train
a45ac13a5a4eecf2,data\raw\DFDC_data\deepfake-detection-challenge\train_sample_videos\curpwogllm.mp4,fake,FAKE,chtapglbcj,chtapglbcj.mp4,True,dfdc,train
d6e3dfa31b06b7d6,data\raw\DFDC_data\deepfake-detection-challenge\train_sample_videos\cuzrgrbvil.mp4,fake,FAKE,iiomvouemm,iiomvouemm.mp4,False,dfdc,train
385666e4a29dc3b2,data\raw\DFDC_data\deepfake-detection-challenge\train_sample_videos\cvaksbpssm.mp4,fake,FAKE,gdfyzwykty,gdfyzwykty.mp4,False,dfdc,train
25ae18fa441e884c,data\raw\DFDC_data\deepfake-detection-challenge\train_sample_videos\cwbacdwrzo.mp4,fake,FAKE,fecysfujzk,fecysfujzk.mp4,False,dfdc,val
68e3f23e4831989f,data\raw\DFDC_data\deepfake-detection-challenge\train_sample_videos\cwqlvzefpg.mp4,fake,FAKE,qeumxirsme,qeumxirsme.mp4,False,dfdc,train
fa12d317db9cf058,data\raw\DFDC_data\deepfake-detection-challenge\train_sample_videos\cwrtyzndpx.mp4,fake,FAKE,kgbkktcjxf,kgbkktcjxf.mp4,False,dfdc,train
0449e6a1c51cf6b5,data\raw\DFDC_data\deepfake-detection-challenge\train_sample_videos\cwsbspfzck.mp4,fake,FAKE,wtreibcmgm,wtreibcmgm.mp4,False,dfdc,test
e2eacf0126c4b9d8,data\raw\DFDC_data\deepfake-detection-challenge\train_sample_videos\cwwandrkus.mp4,fake,FAKE,kgbkktcjxf,kgbkktcjxf.mp4,False,dfdc,train
489235476e7e81a0,data\raw\DFDC_data\deepfake-detection-challenge\train_sample_videos\cxfujlvsuw.mp4,fake,FAKE,qtnjyomzwo,qtnjyomzwo.mp4,False,dfdc,train
d2216479d0f8b592,data\raw\DFDC_data\deepfake-detection-challenge\train_sample_videos\cxrfacemmq.mp4,fake,FAKE,dlpoieqvfb,dlpoieqvfb.mp4,True,dfdc,train
e13caab5cfb4c2e6,data\raw\DFDC_data\deepfake-detection-challenge\train_sample_videos\cxttmymlbn.mp4,fake,FAKE,qapnbtdypb,qapnbtdypb.mp4,False,dfdc,train
82bbe69fb8072a28,data\raw\DFDC_data\deepfake-detection-challenge\train_sample_videos\cyboodqqyr.mp4,fake,FAKE,qeumxirsme,qeumxirsme.mp4,False,dfdc,train
e65303bcda2ce47d,data\raw\DFDC_data\deepfake-detection-challenge\train_sample_videos\cycacemkmt.mp4,fake,FAKE,atvmxvwyns,atvmxvwyns.mp4,True,dfdc,train
a9c124f829536f6f,data\raw\DFDC_data\deepfake-detection-challenge\train_sample_videos\cyclgfjdrv.mp4,fake,FAKE,gbqrgajyca,gbqrgajyca.mp4,False,dfdc,train
19ca1866dfbae415,data\raw\DFDC_data\deepfake-detection-challenge\train_sample_videos\cyxlcuyznd.mp4,real,REAL,cyxlcuyznd,,True,dfdc,train
4dd63020c40d20fb,data\raw\DFDC_data\deepfake-detection-challenge\train_sample_videos\czfunozvwp.mp4,fake,FAKE,caifxvsozs,caifxvsozs.mp4,True,dfdc,train
79d4afa18571094f,data\raw\DFDC_data\deepfake-detection-challenge\train_sample_videos\czkdanyadc.mp4,fake,FAKE,meawmsgiti,meawmsgiti.mp4,False,dfdc,train
1d486a55ccaeaec2,data\raw\DFDC_data\deepfake-detection-challenge\train_sample_videos\czmqpxrqoh.mp4,fake,FAKE,atvmxvwyns,atvmxvwyns.mp4,True,dfdc,train
aafba030af5ef787,data\raw\DFDC_data\deepfake-detection-challenge\train_sample_videos\dafhtipaml.mp4,fake,FAKE,kdodrvufdh,kdodrvufdh.mp4,False,dfdc,train
1fdd508c753fa9b9,data\raw\DFDC_data\deepfake-detection-challenge\train_sample_videos\dakiztgtnw.mp4,real,REAL,dakiztgtnw,,True,dfdc,train
108d418c7dc29ef3,data\raw\DFDC_data\deepfake-detection-challenge\train_sample_videos\dakqwktlbi.mp4,fake,FAKE,atvmxvwyns,atvmxvwyns.mp4,True,dfdc,train
a5d2e8bddd6c0890,data\raw\DFDC_data\deepfake-detection-challenge\train_sample_videos\dbhoxkblzx.mp4,fake,FAKE,qtnjyomzwo,qtnjyomzwo.mp4,False,dfdc,train
f0ec36d6d429982d,data\raw\DFDC_data\deepfake-detection-challenge\train_sample_videos\dbhrpizyeq.mp4,fake,FAKE,ffcwhpnpuw,ffcwhpnpuw.mp4,False,dfdc,train
3bb1cd457937cabd,data\raw\DFDC_data\deepfake-detection-challenge\train_sample_videos\dbnygxtwek.mp4,real,REAL,dbnygxtwek,,True,dfdc,train
4f7745729424aea0,data\raw\DFDC_data\deepfake-detection-challenge\train_sample_videos\dboxtiehng.mp4,fake,FAKE,jjyfvzxwwx,jjyfvzxwwx.mp4,False,dfdc,train
5352478553612fd2,data\raw\DFDC_data\deepfake-detection-challenge\train_sample_videos\dbtbbhakdv.mp4,real,REAL,dbtbbhakdv,,True,dfdc,train
15d160ed015d9ce4,data\raw\DFDC_data\deepfake-detection-challenge\train_sample_videos\dbzcqmxzaj.mp4,fake,FAKE,yxyhvdlrgk,yxyhvdlrgk.mp4,False,dfdc,train
0b29388f481e7b35,data\raw\DFDC_data\deepfake-detection-challenge\train_sample_videos\dbzpcjntve.mp4,fake,FAKE,ellavthztb,ellavthztb.mp4,True,dfdc,train
1c6c4da3cbe51e43,data\raw\DFDC_data\deepfake-detection-challenge\train_sample_videos\dcamvmuors.mp4,fake,FAKE,iuzdfwsefw,iuzdfwsefw.mp4,False,dfdc,val
6e5fa552f9114c3f,data\raw\DFDC_data\deepfake-detection-challenge\train_sample_videos\dcuiiorugd.mp4,fake,FAKE,wapebjxejr,wapebjxejr.mp4,False,dfdc,train
d5d6ee1f6eef9780,data\raw\DFDC_data\deepfake-detection-challenge\train_sample_videos\ddepeddixj.mp4,real,REAL,ddepeddixj,,True,dfdc,train
badb6baeabe2c764,data\raw\DFDC_data\deepfake-detection-challenge\train_sample_videos\ddhfabwpuz.mp4,fake,FAKE,luvasmspox,luvasmspox.mp4,False,dfdc,val
a351bf3169eebfef,data\raw\DFDC_data\deepfake-detection-challenge\train_sample_videos\ddjggcasdw.mp4,fake,FAKE,qtnjyomzwo,qtnjyomzwo.mp4,False,dfdc,train
9c2f8cf52628e7b1,data\raw\DFDC_data\deepfake-detection-challenge\train_sample_videos\ddpvuimigj.mp4,fake,FAKE,ijokcwewbs,ijokcwewbs.mp4,False,dfdc,val
1eb5377a78ff9059,data\raw\DFDC_data\deepfake-detection-challenge\train_sample_videos\ddqccgmtka.mp4,fake,FAKE,qokxxuayqn,qokxxuayqn.mp4,False,dfdc,val
d050696efc6c16ba,data\raw\DFDC_data\deepfake-detection-challenge\train_sample_videos\degpbqvcay.mp4,fake,FAKE,ptokilxwcx,ptokilxwcx.mp4,False,dfdc,test
36cb78b5e11bf136,data\raw\DFDC_data\deepfake-detection-challenge\train_sample_videos\deywhkarol.mp4,fake,FAKE,ljaifbsfuw,ljaifbsfuw.mp4,False,dfdc,train
67ccea4b815bb228,data\raw\DFDC_data\deepfake-detection-challenge\train_sample_videos\deyyistcrd.mp4,fake,FAKE,ywvlvpvroj,ywvlvpvroj.mp4,False,dfdc,train
d2de08334831bcc7,data\raw\DFDC_data\deepfake-detection-challenge\train_sample_videos\dfbpceeaox.mp4,fake,FAKE,bffwsjxghk,bffwsjxghk.mp4,True,dfdc,train
99828d118f5444a3,data\raw\DFDC_data\deepfake-detection-challenge\train_sample_videos\dgmevclvzy.mp4,fake,FAKE,jzmdganfys,jzmdganfys.mp4,False,dfdc,train
7bfb555152d4c362,data\raw\DFDC_data\deepfake-detection-challenge\train_sample_videos\dgxrqjdomn.mp4,fake,FAKE,duycddgtrl,duycddgtrl.mp4,True,dfdc,train
2ff2be7d139eaf55,data\raw\DFDC_data\deepfake-detection-challenge\train_sample_videos\dgzklxjmix.mp4,fake,FAKE,jszyyhamrh,jszyyhamrh.mp4,False,dfdc,test
d9986e51004d95a1,data\raw\DFDC_data\deepfake-detection-challenge\train_sample_videos\dhcndnuwta.mp4,real,REAL,dhcndnuwta,,True,dfdc,val
4b315a06ae399c45,data\raw\DFDC_data\deepfake-detection-challenge\train_sample_videos\dhcselezer.mp4,fake,FAKE,uonshkejav,uonshkejav.mp4,False,dfdc,val
1498b90b1bdd2443,data\raw\DFDC_data\deepfake-detection-challenge\train_sample_videos\dhevettufk.mp4,fake,FAKE,cppdvdejkc,cppdvdejkc.mp4,True,dfdc,train
0f6fb14c9c0c7aa8,data\raw\DFDC_data\deepfake-detection-challenge\train_sample_videos\dhjmzhrcav.mp4,fake,FAKE,tdohqkzvbk,tdohqkzvbk.mp4,False,dfdc,train
4ddcf60a35966985,data\raw\DFDC_data\deepfake-detection-challenge\train_sample_videos\dhkwmjxwrn.mp4,fake,FAKE,ehccixxzoe,ehccixxzoe.mp4,True,dfdc,train
deeb932c8c899ee7,data\raw\DFDC_data\deepfake-detection-challenge\train_sample_videos\dhoqofwoxa.mp4,fake,FAKE,gbqrgajyca,gbqrgajyca.mp4,False,dfdc,train
6f4e99786a583046,data\raw\DFDC_data\deepfake-detection-challenge\train_sample_videos\dhxctgyoqj.mp4,real,REAL,dhxctgyoqj,,True,dfdc,test
fbde70a000ef870e,data\raw\DFDC_data\deepfake-detection-challenge\train_sample_videos\diomeixhrg.mp4,fake,FAKE,gneufaypol,gneufaypol.mp4,False,dfdc,train
b56f346a265d36c6,data\raw\DFDC_data\deepfake-detection-challenge\train_sample_videos\diopzaywor.mp4,fake,FAKE,fgfyrfyqay,fgfyrfyqay.mp4,False,dfdc,train
594c6918764c62a2,data\raw\DFDC_data\deepfake-detection-challenge\train_sample_videos\diqraixiov.mp4,fake,FAKE,gmihbscmwq,gmihbscmwq.mp4,False,dfdc,train
357ee210524dc1c7,data\raw\DFDC_data\deepfake-detection-challenge\train_sample_videos\diuzrpqjli.mp4,fake,FAKE,smggzgxymo,smggzgxymo.mp4,False,dfdc,test
863ff83c56b7543b,data\raw\DFDC_data\deepfake-detection-challenge\train_sample_videos\djvtbgwdcc.mp4,fake,FAKE,jljpdojupu,jljpdojupu.mp4,False,dfdc,test
d32feae57a8ffab5,data\raw\DFDC_data\deepfake-detection-challenge\train_sample_videos\djvutyvaio.mp4,fake,FAKE,zhfyuhonra,zhfyuhonra.mp4,False,dfdc,val
1514e780c9e9934f,data\raw\DFDC_data\deepfake-detection-challenge\train_sample_videos\djxdyjopjd.mp4,real,REAL,djxdyjopjd,,True,dfdc,train
f5343a8da97ac59b,data\raw\DFDC_data\deepfake-detection-challenge\train_sample_videos\dkdwxmtpuo.mp4,fake,FAKE,mmhqllmlew,mmhqllmlew.mp4,False,dfdc,train
af057c0a0c5bf5be,data\raw\DFDC_data\deepfake-detection-challenge\train_sample_videos\dkhlttuvmx.mp4,fake,FAKE,qeumxirsme,qeumxirsme.mp4,False,dfdc,train
07586d7f2947d6f9,data\raw\DFDC_data\deepfake-detection-challenge\train_sample_videos\dkrvorliqc.mp4,fake,FAKE,hcswybumab,hcswybumab.mp4,False,dfdc,val
2cfb18c1dfcf5926,data\raw\DFDC_data\deepfake-detection-challenge\train_sample_videos\dkuayagnmc.mp4,real,REAL,dkuayagnmc,,True,dfdc,train
e2ae5ab598dffa9e,data\raw\DFDC_data\deepfake-detection-challenge\train_sample_videos\dkwjwbwgey.mp4,fake,FAKE,rfzzrftgco,rfzzrftgco.mp4,False,dfdc,test
daee30aaef0d5205,data\raw\DFDC_data\deepfake-detection-challenge\train_sample_videos\dkzvdrzcnr.mp4,real,REAL,dkzvdrzcnr,,True,dfdc,train
19f158aa3055a0f2,data\raw\DFDC_data\deepfake-detection-challenge\train_sample_videos\dlpoieqvfb.mp4,real,REAL,dlpoieqvfb,,True,dfdc,train
89abcade08997de6,data\raw\DFDC_data\deepfake-detection-challenge\train_sample_videos\dlrsbscitn.mp4,fake,FAKE,ztbinwxgyu,ztbinwxgyu.mp4,False,dfdc,train
76b3051294210a2d,data\raw\DFDC_data\deepfake-detection-challenge\train_sample_videos\dnexlwbcxq.mp4,fake,FAKE,ezaajaswoe,ezaajaswoe.mp4,False,dfdc,val
bb09654f256846e8,data\raw\DFDC_data\deepfake-detection-challenge\train_sample_videos\dnhvalzvrt.mp4,fake,FAKE,tamayudqqx,tamayudqqx.mp4,False,dfdc,val
e297fb0d21ca1242,data\raw\DFDC_data\deepfake-detection-challenge\train_sample_videos\dntkzzzcdh.mp4,fake,FAKE,gnyspcpbhd,gnyspcpbhd.mp4,False,dfdc,train
6057bb53f5adced5,data\raw\DFDC_data\deepfake-detection-challenge\train_sample_videos\dnyvfblxpm.mp4,fake,FAKE,eckvhdusax,eckvhdusax.mp4,True,dfdc,train
205d69aeb8ea0800,data\raw\DFDC_data\deepfake-detection-challenge\train_sample_videos\doanjploai.mp4,fake,FAKE,fkqptfouqw,fkqptfouqw.mp4,False,dfdc,val
a478f36cd4df4ba1,data\raw\DFDC_data\deepfake-detection-challenge\train_sample_videos\dofusvhnib.mp4,fake,FAKE,xnfwdpptym,xnfwdpptym.mp4,False,dfdc,train
19895d66ce85408a,data\raw\DFDC_data\deepfake-detection-challenge\train_sample_videos\dozyddhild.mp4,fake,FAKE,ngdswpaqnt,ngdswpaqnt.mp4,False,dfdc,test
3c75c3e05bd7e7ac,data\raw\DFDC_data\deepfake-detection-challenge\train_sample_videos\dptbnjnkdg.mp4,fake,FAKE,kkzsnmrkqk,kkzsnmrkqk.mp4,False,dfdc,val
9bffc43e1ed3ed2f,data\raw\DFDC_data\deepfake-detection-challenge\train_sample_videos\dptrzdvwpg.mp4,fake,FAKE,iiomvouemm,iiomvouemm.mp4,False,dfdc,train
98b348524f6da20a,data\raw\DFDC_data\deepfake-detection-challenge\train_sample_videos\dqnyszdong.mp4,fake,FAKE,qeumxirsme,qeumxirsme.mp4,False,dfdc,train
8d219adeadc84914,data\raw\DFDC_data\deepfake-detection-challenge\train_sample_videos\dqppxmoqdl.mp4,fake,FAKE,zrkinjhsuq,zrkinjhsuq.mp4,False,dfdc,train
46063b6629811f5a,data\raw\DFDC_data\deepfake-detection-challenge\train_sample_videos\dqqtjcryjv.mp4,fake,FAKE,iyefnuagav,iyefnuagav.mp4,False,dfdc,train
6b34bc7b82a3e571,data\raw\DFDC_data\deepfake-detection-challenge\train_sample_videos\dqswpjoepo.mp4,fake,FAKE,kydlpqfrvv,kydlpqfrvv.mp4,False,dfdc,train
fb424a8cb62517ab,data\raw\DFDC_data\deepfake-detection-challenge\train_sample_videos\dqzreruvje.mp4,fake,FAKE,rlldzrnmdn,rlldzrnmdn.mp4,False,dfdc,val
df075300465a9e08,data\raw\DFDC_data\deepfake-detection-challenge\train_sample_videos\drcyabprvt.mp4,real,REAL,drcyabprvt,,True,dfdc,train
c7bcef524cb36c41,data\raw\DFDC_data\deepfake-detection-challenge\train_sample_videos\drgjzlxzxj.mp4,fake,FAKE,yagllixjvh,yagllixjvh.mp4,False,dfdc,test
43e2c4a09cb4baeb,data\raw\DFDC_data\deepfake-detection-challenge\train_sample_videos\drsakwyvqv.mp4,fake,FAKE,jomvcqqars,jomvcqqars.mp4,False,dfdc,train
092bd6beca665521,data\raw\DFDC_data\deepfake-detection-challenge\train_sample_videos\drtbksnpol.mp4,fake,FAKE,dzyuwjkjui,dzyuwjkjui.mp4,True,dfdc,train
48409e3c22ae9a81,data\raw\DFDC_data\deepfake-detection-challenge\train_sample_videos\dsdoseflas.mp4,fake,FAKE,dzyuwjkjui,dzyuwjkjui.mp4,True,dfdc,train
3467073a6e8bf117,data\raw\DFDC_data\deepfake-detection-challenge\train_sample_videos\dsgpbgsrdm.mp4,fake,FAKE,nlerwupaqr,nlerwupaqr.mp4,False,dfdc,train
d178cae8afcabf10,data\raw\DFDC_data\deepfake-detection-challenge\train_sample_videos\dsjbknkujw.mp4,real,REAL,dsjbknkujw,,True,dfdc,val
c5a195b4cfd4e928,data\raw\DFDC_data\deepfake-detection-challenge\train_sample_videos\dsndhujjjb.mp4,fake,FAKE,ohnonevlro,ohnonevlro.mp4,False,dfdc,train
68050b573ad15778,data\raw\DFDC_data\deepfake-detection-challenge\train_sample_videos\dtbpmdqvao.mp4,fake,FAKE,gjypopglvi,gjypopglvi.mp4,False,dfdc,train
f214aabc61906ade,data\raw\DFDC_data\deepfake-detection-challenge\train_sample_videos\dtocdfbwca.mp4,fake,FAKE,dakiztgtnw,dakiztgtnw.mp4,True,dfdc,train
2375e391d6e9fa1e,data\raw\DFDC_data\deepfake-detection-challenge\train_sample_videos\dubiroskqn.mp4,fake,FAKE,gzyzdcbuuv,gzyzdcbuuv.mp4,False,dfdc,train
ea0fcc558e87beca,data\raw\DFDC_data\deepfake-detection-challenge\train_sample_videos\dulanfulol.mp4,fake,FAKE,iieoqptzec,iieoqptzec.mp4,False,dfdc,train
cbfad162d80ad1bf,data\raw\DFDC_data\deepfake-detection-challenge\train_sample_videos\duvyaxbzvp.mp4,fake,FAKE,fgfyrfyqay,fgfyrfyqay.mp4,False,dfdc,train
2a60d193cb1da635,data\raw\DFDC_data\deepfake-detection-challenge\train_sample_videos\duycddgtrl.mp4,real,REAL,duycddgtrl,,True,dfdc,train
4387264558a52b12,data\raw\DFDC_data\deepfake-detection-challenge\train_sample_videos\duzuusuajr.mp4,fake,FAKE,fgfyrfyqay,fgfyrfyqay.mp4,False,dfdc,train
5bda3e95d1012a19,data\raw\DFDC_data\deepfake-detection-challenge\train_sample_videos\dvakowbgbt.mp4,fake,FAKE,slwkmefgde,slwkmefgde.mp4,False,dfdc,val
610097d8316c82be,data\raw\DFDC_data\deepfake-detection-challenge\train_sample_videos\dvumqqhoac.mp4,fake,FAKE,kuelhabsmz,kuelhabsmz.mp4,False,dfdc,train
9550cc045e1f7785,data\raw\DFDC_data\deepfake-detection-challenge\train_sample_videos\dwediigjit.mp4,fake,FAKE,tmdformfqp,tmdformfqp.mp4,False,dfdc,test
acdd74d9a35e452b,data\raw\DFDC_data\deepfake-detection-challenge\train_sample_videos\dxbqjxrhin.mp4,real,REAL,dxbqjxrhin,,True,dfdc,val
99cfb77953eab814,data\raw\DFDC_data\deepfake-detection-challenge\train_sample_videos\dxuliowugt.mp4,fake,FAKE,imzqmbfugn,imzqmbfugn.mp4,False,dfdc,train
0d4a371ed3ef9333,data\raw\DFDC_data\deepfake-detection-challenge\train_sample_videos\dxuplhwvig.mp4,fake,FAKE,yoavqsqobz,yoavqsqobz.mp4,False,dfdc,test
3faf43b2b09694aa,data\raw\DFDC_data\deepfake-detection-challenge\train_sample_videos\dzieklokdr.mp4,fake,FAKE,pylnolwenx,pylnolwenx.mp4,False,dfdc,test
9465981c7b119199,data\raw\DFDC_data\deepfake-detection-challenge\train_sample_videos\dzqwgqewhu.mp4,fake,FAKE,xwcggrygwl,xwcggrygwl.mp4,False,dfdc,train
e638722212848600,data\raw\DFDC_data\deepfake-detection-challenge\train_sample_videos\dzvyfiarrq.mp4,fake,FAKE,bgwmmujlmc,bgwmmujlmc.mp4,True,dfdc,train
d4cb6a4d5da212cf,data\raw\DFDC_data\deepfake-detection-challenge\train_sample_videos\dzwkmcwkwl.mp4,fake,FAKE,pqvypayzrp,pqvypayzrp.mp4,False,dfdc,test
982df64185312e66,data\raw\DFDC_data\deepfake-detection-challenge\train_sample_videos\dzyuwjkjui.mp4,real,REAL,dzyuwjkjui,,True,dfdc,train
2e22186425eda902,data\raw\DFDC_data\deepfake-detection-challenge\train_sample_videos\eahlqmfvtj.mp4,fake,FAKE,lyvlnqduqg,lyvlnqduqg.mp4,False,dfdc,train
2b99388935b2ade0,data\raw\DFDC_data\deepfake-detection-challenge\train_sample_videos\eajlrktemq.mp4,fake,FAKE,yjlsxqoauz,yjlsxqoauz.mp4,False,dfdc,val
396bff279b3b243f,data\raw\DFDC_data\deepfake-detection-challenge\train_sample_videos\ebchwmwayp.mp4,fake,FAKE,ehccixxzoe,ehccixxzoe.mp4,True,dfdc,train
b74d401e876e7ab3,data\raw\DFDC_data\deepfake-detection-challenge\train_sample_videos\ebebgmtlcu.mp4,fake,FAKE,iufotyxgzb,iufotyxgzb.mp4,False,dfdc,train
cf6a671e55f0e79c,data\raw\DFDC_data\deepfake-detection-challenge\train_sample_videos\ebeknhudxq.mp4,fake,FAKE,fysyrqfguw,fysyrqfguw.mp4,False,dfdc,train
d74714fd9d2d36db,data\raw\DFDC_data\deepfake-detection-challenge\train_sample_videos\ebkzwjgjhq.mp4,fake,FAKE,kgbkktcjxf,kgbkktcjxf.mp4,False,dfdc,train
f5a9a8299e9b1244,data\raw\DFDC_data\deepfake-detection-challenge\train_sample_videos\ebywfrmhtd.mp4,fake,FAKE,grnycmbdfu,grnycmbdfu.mp4,False,dfdc,train
153f1acd9619e4fb,data\raw\DFDC_data\deepfake-detection-challenge\train_sample_videos\eckvhdusax.mp4,real,REAL,eckvhdusax,,True,dfdc,train
dfbd138966f8deea,data\raw\DFDC_data\deepfake-detection-challenge\train_sample_videos\ecnihjlfyt.mp4,fake,FAKE,kysxawkest,kysxawkest.mp4,False,dfdc,train
4155f32c9911885b,data\raw\DFDC_data\deepfake-detection-challenge\train_sample_videos\ecujsjhscd.mp4,real,REAL,ecujsjhscd,,True,dfdc,train
8f89aa7e68c2a35c,data\raw\DFDC_data\deepfake-detection-challenge\train_sample_videos\ecuvtoltue.mp4,fake,FAKE,xngpzquyhs,xngpzquyhs.mp4,False,dfdc,train
512f19429f13211e,data\raw\DFDC_data\deepfake-detection-challenge\train_sample_videos\ecwaxgutkc.mp4,fake,FAKE,itmwoyxbas,itmwoyxbas.mp4,False,dfdc,train
72ca0e0805ac26e7,data\raw\DFDC_data\deepfake-detection-challenge\train_sample_videos\eczrseixwq.mp4,fake,FAKE,iieoqptzec,iieoqptzec.mp4,False,dfdc,train
0fef8feda7670778,data\raw\DFDC_data\deepfake-detection-challenge\train_sample_videos\edyncaijwx.mp4,real,REAL,edyncaijwx,,True,dfdc,train
876d9accc206a0e1,data\raw\DFDC_data\deepfake-detection-challenge\train_sample_videos\eebrkicpry.mp4,fake,FAKE,rjlgchzmfv,rjlgchzmfv.mp4,False,dfdc,test
91092ddd183bb29a,data\raw\DFDC_data\deepfake-detection-challenge\train_sample_videos\eebserckhh.mp4,fake,FAKE,qzklcjjxdq,qzklcjjxdq.mp4,False,dfdc,train
f7500bcb4ccd6989,data\raw\DFDC_data\deepfake-detection-challenge\train_sample_videos\eejswgycjc.mp4,fake,FAKE,qzklcjjxdq,qzklcjjxdq.mp4,False,dfdc,train
81b1c367313d2f46,data\raw\DFDC_data\deepfake-detection-challenge\train_sample_videos\eekozbeafq.mp4,fake,FAKE,olakcrnuro,olakcrnuro.mp4,False,dfdc,test
77b993076d94e91a,data\raw\DFDC_data\deepfake-detection-challenge\train_sample_videos\eepezmygaq.mp4,fake,FAKE,abarnvbtwb,abarnvbtwb.mp4,True,dfdc,train
a87d5b6d9dd75ee6,data\raw\DFDC_data\deepfake-detection-challenge\train_sample_videos\eeyhxisdfh.mp4,fake,FAKE,lyvlnqduqg,lyvlnqduqg.mp4,False,dfdc,train
deaef09ea8dbc8ac,data\raw\DFDC_data\deepfake-detection-challenge\train_sample_videos\efdyrflcpg.mp4,fake,FAKE,xngpzquyhs,xngpzquyhs.mp4,False,dfdc,train
834395c8d05ab286,data\raw\DFDC_data\deepfake-detection-challenge\train_sample_videos\efwfxwwlbw.mp4,real,REAL,efwfxwwlbw,,True,dfdc,train
a22562211702c944,data\raw\DFDC_data\deepfake-detection-challenge\train_sample_videos\egbbcxcuqy.mp4,fake,FAKE,hqtepxaeqx,hqtepxaeqx.mp4,False,dfdc,train
725951de90d4fc51,data\raw\DFDC_data\deepfake-detection-challenge\train_sample_videos\eggbjzxnmg.mp4,real,REAL,eggbjzxnmg,,True,dfdc,test
68b4af60fc09f306,data\raw\DFDC_data\deepfake-detection-challenge\train_sample_videos\egghxjjmfg.mp4,real,REAL,egghxjjmfg,,True,dfdc,train
0dd092632b0d00d0,data\raw\DFDC_data\deepfake-detection-challenge\train_sample_videos\ehbnclaukr.mp4,fake,FAKE,gipbyjfxfp,gipbyjfxfp.mp4,False,dfdc,train
c5e52e48489d0d07,data\raw\DFDC_data\deepfake-detection-challenge\train_sample_videos\ehccixxzoe.mp4,real,REAL,ehccixxzoe,,True,dfdc,train
4e8b33a9dc17b635,data\raw\DFDC_data\deepfake-detection-challenge\train_sample_videos\ehdkmxgtxh.mp4,fake,FAKE,bejhvclboh,bejhvclboh.mp4,True,dfdc,train
2f984615fb27ce6e,data\raw\DFDC_data\deepfake-detection-challenge\train_sample_videos\ehevsxtecd.mp4,fake,FAKE,nzquxipbye,nzquxipbye.mp4,False,dfdc,train
70cc71c45a86ac50,data\raw\DFDC_data\deepfake-detection-challenge\train_sample_videos\ehfiekigla.mp4,fake,FAKE,avmjormvsx,avmjormvsx.mp4,True,dfdc,train
0262586b18afa6eb,data\raw\DFDC_data\deepfake-detection-challenge\train_sample_videos\ehieahnhte.mp4,fake,FAKE,sasoxcqisz,sasoxcqisz.mp4,False,dfdc,val
0469ca97a8e0f27d,data\raw\DFDC_data\deepfake-detection-challenge\train_sample_videos\ehtdtkmmli.mp4,real,REAL,ehtdtkmmli,,True,dfdc,train
a1d039350616e79d,data\raw\DFDC_data\deepfake-detection-challenge\train_sample_videos\eiriyukqqy.mp4,fake,FAKE,ixuouyigxa,ixuouyigxa.mp4,False,dfdc,val
f9aa8fb5063367f9,data\raw\DFDC_data\deepfake-detection-challenge\train_sample_videos\eivxffliio.mp4,fake,FAKE,joeifeskbs,joeifeskbs.mp4,False,dfdc,val
cd56a36ad257ee46,data\raw\DFDC_data\deepfake-detection-challenge\train_sample_videos\eiwopxzjfn.mp4,fake,FAKE,xzvrgckqkz,xzvrgckqkz.mp4,False,dfdc,train
16098e35250e2838,data\raw\DFDC_data\deepfake-detection-challenge\train_sample_videos\eixwxvxbbn.mp4,fake,FAKE,ywvlvpvroj,ywvlvpvroj.mp4,False,dfdc,train
a63145e63dd7c1b5,data\raw\DFDC_data\deepfake-detection-challenge\train_sample_videos\ejkqesyvam.mp4,fake,FAKE,jwcsqxzdlv,jwcsqxzdlv.mp4,False,dfdc,val
8d0022803cad50e8,data\raw\DFDC_data\deepfake-detection-challenge\train_sample_videos\ekcrtigpab.mp4,real,REAL,ekcrtigpab,,True,dfdc,train
e9d7c88a30722f10,data\raw\DFDC_data\deepfake-detection-challenge\train_sample_videos\ekhacizpah.mp4,fake,FAKE,egghxjjmfg,egghxjjmfg.mp4,True,dfdc,train
1a50520b831853ea,data\raw\DFDC_data\deepfake-detection-challenge\train_sample_videos\ekkdjkirzq.mp4,fake,FAKE,tivkmbqgwp,tivkmbqgwp.mp4,False,dfdc,val
71fc79606fd9b2c6,data\raw\DFDC_data\deepfake-detection-challenge\train_sample_videos\elginszwtk.mp4,fake,FAKE,gipbyjfxfp,gipbyjfxfp.mp4,False,dfdc,train
1ae27d0022f5d321,data\raw\DFDC_data\deepfake-detection-challenge\train_sample_videos\ellavthztb.mp4,real,REAL,ellavthztb,,True,dfdc,train
fd1456c63b596bbf,data\raw\DFDC_data\deepfake-detection-challenge\train_sample_videos\elvvackpjh.mp4,fake,FAKE,qhkqqfznrg,qhkqqfznrg.mp4,False,dfdc,train
f5c7165f381ba70d,data\raw\DFDC_data\deepfake-detection-challenge\train_sample_videos\emaalmsonj.mp4,fake,FAKE,dzyuwjkjui,dzyuwjkjui.mp4,True,dfdc,train
d93cc668b1a5252b,data\raw\DFDC_data\deepfake-detection-challenge\train_sample_videos\emfbhytfhc.mp4,fake,FAKE,cprhtltsjp,cprhtltsjp.mp4,True,dfdc,train
4d4a14eed57a1667,data\raw\DFDC_data\deepfake-detection-challenge\train_sample_videos\emgjphonqb.mp4,fake,FAKE,ybjrqnqnno,ybjrqnqnno.mp4,False,dfdc,train
7a0ab1eea6a73897,data\raw\DFDC_data\deepfake-detection-challenge\train_sample_videos\ensyyivobf.mp4,fake,FAKE,lulmevqtla,lulmevqtla.mp4,False,dfdc,train
f2e5a5d09a8f9975,data\raw\DFDC_data\deepfake-detection-challenge\train_sample_videos\eoewqcpbgt.mp4,fake,FAKE,gbqrgajyca,gbqrgajyca.mp4,False,dfdc,train
813f9651ab12cf53,data\raw\DFDC_data\deepfake-detection-challenge\train_sample_videos\eprybmbpba.mp4,fake,FAKE,kuelhabsmz,kuelhabsmz.mp4,False,dfdc,train
e78156c7f9cc5611,data\raw\DFDC_data\deepfake-detection-challenge\train_sample_videos\epymyyiblu.mp4,fake,FAKE,svcnlasmeh,svcnlasmeh.mp4,False,dfdc,train
1787fb5f80527e3f,data\raw\DFDC_data\deepfake-detection-challenge\train_sample_videos\eqjscdagiv.mp4,fake,FAKE,dbnygxtwek,dbnygxtwek.mp4,True,dfdc,train
02b5663703548faa,data\raw\DFDC_data\deepfake-detection-challenge\train_sample_videos\eqnoqyfquo.mp4,real,REAL,eqnoqyfquo,,True,dfdc,test
4b9bd0c1472b8c17,data\raw\DFDC_data\deepfake-detection-challenge\train_sample_videos\eqvuznuwsa.mp4,fake,FAKE,cmbzllswnl,cmbzllswnl.mp4,True,dfdc,train
b79e70a26f137fee,data\raw\DFDC_data\deepfake-detection-challenge\train_sample_videos\erlvuvjsjf.mp4,real,REAL,erlvuvjsjf,,True,dfdc,train
b036ccfba4202d67,data\raw\DFDC_data\deepfake-detection-challenge\train_sample_videos\erqgqacbqe.mp4,fake,FAKE,nvpluswotp,nvpluswotp.mp4,False,dfdc,train
dbad6e409d39cdd2,data\raw\DFDC_data\deepfake-detection-challenge\train_sample_videos\errocgcham.mp4,fake,FAKE,grnycmbdfu,grnycmbdfu.mp4,False,dfdc,train
8e7d0b020547f8d1,data\raw\DFDC_data\deepfake-detection-challenge\train_sample_videos\esckbnkkvb.mp4,fake,FAKE,gdfyzwykty,gdfyzwykty.mp4,False,dfdc,train
a0d10b5fd53def7f,data\raw\DFDC_data\deepfake-detection-challenge\train_sample_videos\esgftaficx.mp4,fake,FAKE,rrcsuwgpnd,rrcsuwgpnd.mp4,False,dfdc,train
03cfbaccbc881fee,data\raw\DFDC_data\deepfake-detection-challenge\train_sample_videos\esnntzzajv.mp4,fake,FAKE,ybetenmsye,ybetenmsye.mp4,False,dfdc,test
16bc01ef913d4014,data\raw\DFDC_data\deepfake-detection-challenge\train_sample_videos\esxrvsgpvb.mp4,fake,FAKE,gomwfvijiv,gomwfvijiv.mp4,False,dfdc,test
aee22b7469af9665,data\raw\DFDC_data\deepfake-detection-challenge\train_sample_videos\esyhwdfnxs.mp4,fake,FAKE,qeumxirsme,qeumxirsme.mp4,False,dfdc,train
b74ecfe96e6b750e,data\raw\DFDC_data\deepfake-detection-challenge\train_sample_videos\esyrimvzsa.mp4,fake,FAKE,qzklcjjxdq,qzklcjjxdq.mp4,False,dfdc,train
340ab3111d03665f,data\raw\DFDC_data\deepfake-detection-challenge\train_sample_videos\etdcqxabww.mp4,fake,FAKE,gipbyjfxfp,gipbyjfxfp.mp4,False,dfdc,train
e5e0566fe4bc1001,data\raw\DFDC_data\deepfake-detection-challenge\train_sample_videos\etejaapnxh.mp4,fake,FAKE,wtreibcmgm,wtreibcmgm.mp4,False,dfdc,test
b530777b86b11b3b,data\raw\DFDC_data\deepfake-detection-challenge\train_sample_videos\etmcruaihe.mp4,fake,FAKE,afoovlsmtx,afoovlsmtx.mp4,True,dfdc,train
ca2031da9831e313,data\raw\DFDC_data\deepfake-detection-challenge\train_sample_videos\etohcvnzbj.mp4,fake,FAKE,bdnaqemxmr,bdnaqemxmr.mp4,True,dfdc,train
6a9270c8c7035acf,data\raw\DFDC_data\deepfake-detection-challenge\train_sample_videos\eudeqjhdfd.mp4,real,REAL,eudeqjhdfd,,True,dfdc,train
e3de1be31661a41e,data\raw\DFDC_data\deepfake-detection-challenge\train_sample_videos\eukvucdetx.mp4,fake,FAKE,gjypopglvi,gjypopglvi.mp4,False,dfdc,train
